<?xml version="1.0" encoding="UTF-8"?>
<project-private xmlns="http://www.netbeans.org/ns/project-private/1">
    <editor-bookmarks xmlns="http://www.netbeans.org/ns/editor-bookmarks/2" lastBookmarkId="0"/>
    <open-files xmlns="http://www.netbeans.org/ns/projectui-open-files/2">
        <group>
            <file>file:/C:/tugas%20java/javaKelompok4/src/main.java</file>
            <file>file:/C:/tugas%20java/javaKelompok4/src/pesanan.java</file>
            <file>file:/C:/tugas%20java/javaKelompok4/src/form_user.java</file>
            <file>file:/C:/tugas%20java/javaKelompok4/src/detail.java</file>
            <file>file:/C:/tugas%20java/javaKelompok4/src/history.java</file>
            <file>file:/C:/tugas%20java/javaKelompok4/src/riwayat.java</file>
        </group>
    </open-files>
</project-private>
